IDDIST;LONGITUD;LATITUD
010101;-77.85660553;-6.247746468
010102;-77.74291229;-5.996107578
010103;-77.94944;-6.807841301
010104;-77.67736053;-6.298003197
010105;-77.75561523;-6.078197002
010106;-77.89507294;-6.934877872
010107;-77.5766983;-6.099984169
010108;-77.87509918;-6.15613699
010109;-77.78419495;-6.503577709
010110;-77.79879761;-6.80891037
010111;-77.8639679;-6.31424284
010112;-77.82371521;-6.420556068
010113;-77.77044678;-6.578924656
010114;-77.60726929;-6.212434292
010115;-77.71833801;-6.628098011
010116;-77.67115021;-6.008424759
010117;-77.68556213;-6.108169079
010118;-77.73323059;-6.232221603
010119;-77.82260132;-6.354425907
010120;-77.74688721;-6.309166431
010121;-77.79660797;-6.175983906
010201;-78.52067566;-5.580885887
010202;-78.44837189;-5.380432129
010203;-78.3999939;-5.647705078
010204;-78.47335815;-5.622588158
010205;-78.38957977;-4.9913311
010206;-78.4457016;-5.591997147
010301;-77.825737;-5.9517169
010302;-77.7256012;-5.894831657
010303;-77.93019867;-6.007770061
010304;-77.81036377;-5.817502499
010305;-77.91453552;-5.911123753
010306;-77.95912933;-5.823605061
010307;-78.02366638;-5.945376873
010308;-77.77524567;-5.93926096
010309;-77.87970734;-5.996452332
010310;-78.05223083;-5.883749962
010311;-77.86897278;-6.080620289
010312;-77.86049652;-5.524330616
010401;-77.93042755;-4.845426083
010402;-78.33588409;-4.168538094
010403;-77.88809967;-3.813448668
010501;-77.94338226;-6.119874001
010502;-78.3345871;-6.177792549
010503;-78.01559448;-6.627200127
010504;-78.01086426;-6.310037136
010505;-78.1911087;-6.126538277
010506;-78.02833557;-6.248077393
010507;-78.00461578;-6.407329559
010508;-78.01232147;-6.207437038
010509;-77.98097229;-6.171840191
010510;-78.11649323;-6.112482548
010511;-77.9615097;-6.4966259
010512;-78.21682739;-6.22180748
010513;-78.16394806;-6.345783234
010514;-78.08611298;-6.474719048
010515;-78.29169464;-6.307579517
010516;-77.96391296;-6.084210873
010517;-77.85939026;-6.659005165
010518;-78.04569244;-6.004602909
010519;-77.89162445;-6.482745171
010520;-78.09361267;-6.056970119
010521;-77.89238739;-6.569079876
010522;-77.94368744;-6.38685894
010523;-77.98124695;-6.156620979
010601;-77.43894196;-6.372810841
010602;-77.42037964;-6.547502041
010603;-77.6652298;-6.386189461
010604;-77.53058624;-6.435586452
010605;-77.57616425;-6.553086758
010606;-77.56613922;-6.351065636
010607;-77.4850769;-6.291670322
010608;-77.41275024;-6.498631477
010609;-77.35437012;-6.405396938
010610;-77.45778656;-6.455150604
010611;-77.46749115;-6.491347313
010612;-77.33417511;-6.207193851
010701;-78.44004059;-5.838843346
010702;-78.17476654;-5.614299774
010703;-78.6077652;-5.916801929
010704;-78.61151123;-5.717354298
010705;-78.23500061;-5.952477455
010706;-78.41059113;-6.063471794
010707;-78.52410889;-6.012007713
020101;-77.47147369;-9.570413589
020102;-77.85169983;-9.466091156
020103;-77.82121277;-9.576340675
020104;-77.81944275;-9.731069565
020105;-77.48470306;-9.471353531
020106;-77.60380554;-9.441308975
020107;-77.71803284;-9.636750221
020108;-77.37174225;-9.621868134
020109;-77.9102478;-9.64573288
020110;-77.79463959;-9.481230736
020111;-77.69387817;-9.5209589
020112;-77.48221588;-9.392649651
020201;-77.56788635;-9.800447464
020202;-77.79612732;-9.807591438
020203;-77.67828369;-9.786073685
020204;-77.61550903;-9.703053474
020205;-77.63538361;-9.83795166
020301;-77.00692749;-9.081799507
020302;-76.99793243;-9.219952583
020303;-77.07141876;-9.027727127
020304;-77.00761414;-9.139326096
020305;-77.1131897;-9.116042137
020306;-77.04207611;-9.218447685
020401;-77.39743805;-9.205579758
020402;-77.40553284;-9.097180367
020501;-77.17915344;-10.17820454
020502;-77.16041565;-10.30996704
020503;-77.49988556;-10.20324993
020504;-77.13108826;-9.965799332
020505;-77.34249878;-10.19044495
020506;-77.19049835;-10.33443832
020507;-77.58551025;-10.30138969
020508;-76.94380188;-9.917178154
020509;-77.03153229;-10.11392593
020510;-77.41078949;-10.24691772
020511;-77.10616302;-10.30181789
020512;-77.10454559;-10.36092377
020513;-77.00317383;-10.23890209
020514;-77.21038818;-10.29161358
020515;-77.20806122;-10.23246002
020601;-77.63969421;-9.293582916
020602;-77.61042023;-9.290077209
020603;-77.6447525;-9.22365284
020604;-77.63259888;-9.361066818
020605;-77.72920227;-9.29013443
020606;-77.49557495;-9.303704262
020607;-77.57433319;-9.356131554
020608;-77.43288422;-9.3439188
020609;-77.56497192;-9.154419899
020610;-77.66178131;-9.258961678
020611;-77.63103485;-9.404087067
020701;-77.29117584;-9.097191811
020702;-77.16969299;-9.01124382
020703;-77.25601196;-9.007591248
020801;-78.22323608;-9.518147469
020802;-78.14278412;-9.372997284
020803;-78.35493469;-9.510133743
020804;-78.02053833;-9.505912781
020901;-77.92886353;-8.548922539
020902;-77.8841095;-8.508016586
020903;-78.04681396;-8.604812622
020904;-77.78890991;-8.523300171
020905;-77.89309692;-8.678135872
020906;-77.84676361;-8.625062943
020907;-77.97014618;-8.641469955
021001;-77.23291779;-9.32313633
021002;-76.90477753;-9.2525177
021003;-77.1313324;-9.257050514
021004;-77.2117691;-9.655437469
021005;-76.92979431;-9.308571815
021006;-76.80787659;-9.188656807
021007;-77.07798004;-9.426382065
021008;-77.23608398;-9.467815399
021009;-77.0925293;-9.331585884
021010;-76.88407898;-9.151099205
021011;-76.98473358;-9.347370148
021012;-77.06308746;-9.35573101
021013;-76.7756958;-9.272127151
021014;-77.09188843;-9.628145218
021015;-76.98233795;-9.466525078
021016;-76.9310379;-9.191220284
021101;-77.91864777;-10.17383385
021102;-77.69180298;-9.985816002
021103;-78.10347748;-9.822618484
021104;-77.74411774;-9.897119522
021105;-77.66499329;-9.921057701
021201;-77.74986267;-9.022516251
021202;-77.91738892;-8.787898064
021203;-77.87688446;-9.030090332
021204;-77.89405823;-8.889663696
021205;-77.89091492;-8.958030701
021206;-77.95705414;-9.143245697
021207;-77.81853485;-9.148694038
021208;-77.72259521;-8.908671379
021209;-77.95220184;-8.846359253
021210;-77.74121857;-8.761932373
021301;-77.3527298;-8.862064362
021302;-77.38826752;-8.823184967
021303;-77.22024536;-8.886070251
021304;-77.27735138;-8.784939766
021305;-77.2901535;-8.909540176
021306;-77.45627594;-8.967464447
021307;-77.44535828;-8.925156593
021308;-77.32482147;-8.893080711
021401;-77.36441803;-10.38064957
021402;-77.33950806;-10.51830006
021403;-77.23984528;-10.3209095
021404;-77.224823;-10.50349617
021405;-77.48704529;-10.6492424
021406;-77.42406464;-10.31936073
021407;-77.2144928;-10.37918377
021408;-77.2279892;-10.4155798
021409;-77.56893158;-10.47472
021410;-77.35882568;-10.44015217
021501;-77.95918274;-8.403827667
021502;-78.06998444;-8.342725754
021503;-77.73072052;-8.258130074
021504;-77.99134064;-8.302706718
021505;-77.94541168;-8.334562302
021506;-77.9061203;-8.265863419
021507;-78.02894592;-8.515604019
021508;-78.00463867;-8.263430595
021509;-77.79885101;-8.13850975
021510;-78.13870239;-8.568470001
021511;-78.05568695;-8.446086884
021601;-77.50645447;-8.790374756
021602;-77.46628571;-8.889684677
021603;-77.3952713;-8.612736702
021604;-77.34350586;-8.702309608
021701;-77.44739532;-9.706467628
021702;-77.31698608;-9.911203384
021703;-77.54080963;-9.937558174
021704;-77.51435852;-10.05771446
021705;-77.5877533;-10.1080761
021706;-77.45437622;-10.07419872
021707;-77.37374115;-10.09414101
021708;-77.65381622;-10.11922359
021709;-77.53991699;-10.00272942
021710;-77.39214325;-9.737812996
021801;-78.40116882;-8.877691269
021802;-78.0764389;-8.960998535
021803;-78.62036896;-9.027774811
021804;-78.12200928;-8.776550293
021805;-78.12390137;-9.163298607
021806;-78.30324554;-9.141489983
021807;-78.44235229;-9.279480934
021808;-78.60936737;-8.992132187
021809;-78.43592072;-9.100053787
021901;-77.61522675;-8.540356636
021902;-77.56086731;-8.300210953
021903;-77.44351959;-8.467728615
021904;-77.65290833;-8.587780952
021905;-77.64601135;-8.362863541
021906;-77.53012848;-8.51213932
021907;-77.50940704;-8.395949364
021908;-77.69595337;-8.454787254
021909;-77.6202774;-8.671630859
021910;-77.52976227;-8.630566597
022001;-77.66642761;-9.093473434
022002;-77.83280182;-9.316109657
022003;-77.64988708;-9.192325592
022004;-77.75852966;-9.177476883
022005;-77.94893646;-9.316861153
022006;-77.69691467;-9.160036087
022007;-77.78927612;-9.344456673
022008;-77.49803162;-9.024127007
030101;-72.87155151;-13.63583279
030102;-72.99111176;-13.99739361
030103;-72.89154816;-13.97420311
030104;-72.61807251;-13.6388464
030105;-72.9752655;-13.47610092
030106;-72.78830719;-13.80404091
030107;-73.03160858;-13.7847805
030108;-72.81413269;-13.48881626
030109;-72.8724823;-13.57815361
030201;-73.38796997;-13.76820755
030202;-73.38850403;-13.49742222
030203;-73.61544037;-13.87985992
030204;-73.02809143;-13.65681934
030205;-73.54693604;-13.76956844
030206;-73.55092621;-13.98961353
030207;-73.16265869;-13.66530132
030208;-73.12965393;-13.53602409
030209;-73.30909729;-13.59831715
030210;-73.47853851;-14.29603004
030211;-73.49177551;-14.09626675
030212;-73.65789795;-13.78950882
030213;-73.27400208;-13.71664715
030214;-73.60244751;-13.96204758
030215;-73.5463028;-13.66119194
030216;-73.45326233;-13.62757969
030217;-73.45821381;-13.96923161
030218;-73.47257996;-13.79064178
030219;-73.27931213;-13.51155186
030220;-73.32386017;-13.80940151
030301;-72.75009155;-14.51799297
030302;-73.03554535;-14.15789604
030303;-72.78668976;-14.34028816
030304;-72.90849304;-14.55862522
030305;-72.52307129;-14.4359808
030306;-72.97920227;-14.21900654
030307;-72.98008728;-14.32294655
030401;-73.22922516;-14.29423046
030402;-73.35372162;-14.11557102
030403;-73.09448242;-14.419384
030404;-73.08667755;-14.00781345
030405;-73.25835419;-13.9769516
030406;-73.29517365;-14.58892536
030407;-73.2437973;-14.09788609
030408;-73.19767761;-14.13043594
030409;-73.24567413;-13.9159174
030410;-73.08740234;-14.22394466
030411;-73.19400024;-13.8850317
030412;-73.35824585;-14.33256149
030413;-73.28450012;-14.17082119
030414;-73.11791992;-14.10559845
030415;-73.13430786;-13.90347099
030416;-73.31388092;-14.02465248
030417;-73.15995026;-14.23136997
030501;-72.21295166;-13.91707706
030502;-72.34121704;-13.75128078
030503;-72.39528656;-13.91896057
030504;-72.23069;-14.27719975
030505;-72.11509705;-14.04508495
030506;-72.3105545;-14.1714468
030601;-73.74816132;-13.51866245
030602;-73.66913605;-13.54423141
030603;-73.74804688;-13.61160374
030604;-73.73119354;-13.31950283
030605;-73.51951599;-13.50607777
030606;-73.6506424;-13.41542339
030607;-73.65231323;-13.66843987
030608;-73.59654999;-13.54770756
030609;-73.61703491;-13.45553589
030610;-73.55500031;-13.39776802
030611;-73.79143524;-13.39015961
030701;-72.77459717;-14.11735535
030702;-72.64984131;-13.96889019
030703;-72.55969238;-13.83067608
030704;-72.4957428;-13.96649647
030705;-72.56708527;-14.21210289
030706;-72.57476807;-14.13991737
030707;-72.75789642;-14.22611713
030708;-72.44705963;-14.09869194
030709;-72.60616302;-14.17549706
030710;-72.66060638;-14.12611103
030711;-72.63722229;-14.23195934
030712;-72.63661957;-14.07872295
030713;-72.67717743;-14.29103756
030714;-72.53188324;-14.10275555
040101;-71.53843689;-16.40637398
040102;-71.48576355;-16.33094597
040103;-71.45706177;-16.25272179
040104;-71.57640839;-16.30444717
040105;-71.38291168;-16.45775604
040106;-71.35878754;-16.37558174
040107;-71.56342316;-16.45890045
040108;-71.79573822;-16.58841896
040109;-71.4630127;-16.37536621
040110;-71.47146606;-16.35661125
040111;-71.47475433;-16.50417137
040112;-71.47823334;-16.42019463
040113;-71.33208466;-16.49887085
040114;-71.35744476;-16.6420002
040115;-71.44281769;-16.5441227
040116;-71.45969391;-16.44805908
040117;-71.57678223;-16.42116165
040118;-72.16236877;-16.40501595
040119;-71.0970459;-16.19381142
040120;-72.0633316;-16.26768112
040121;-72.14409637;-16.52291107
040122;-71.53442383;-16.47367668
040123;-71.59938812;-16.46352196
040124;-71.69054413;-16.46094322
040125;-71.98783875;-16.48931694
040126;-71.54788971;-16.39394188
040127;-71.54981232;-16.61350441
040128;-71.60633087;-16.13093758
040129;-71.52365875;-16.43135262
040201;-72.71226501;-16.63047409
040202;-72.73701477;-16.59673309
040203;-73.13605499;-16.07823753
040204;-72.83235931;-16.45565224
040205;-72.63404846;-16.47943306
040206;-73.0109024;-16.27799606
040207;-72.35198975;-16.70073318
040208;-72.65242004;-16.60132027
040301;-73.3318634;-15.82919216
040302;-74.55820465;-15.34166908
040303;-73.53826904;-16.05303192
040304;-74.30355072;-15.68917561
040305;-74.76152802;-15.37541008
040306;-73.43170166;-15.54065323
040307;-74.18978119;-15.76951599
040308;-73.94515991;-15.82484913
040309;-74.06285095;-15.55574417
040310;-74.39804077;-15.44908619
040311;-74.93515015;-15.38675213
040312;-73.73035431;-15.56735516
040313;-74.42893219;-15.63354492
040401;-72.5681839;-16.02724075
040402;-72.37688446;-15.48506832
040403;-72.28501129;-15.64095879
040404;-72.11614227;-15.18212605
040405;-72.38507843;-15.35058594
040406;-72.06874084;-15.41413403
040407;-72.36820984;-16.0124054
040408;-72.47187805;-15.60114098
040409;-72.24858093;-15.11611366
040410;-72.6190033;-15.67075634
040411;-72.49990082;-15.7508316
040412;-72.38304901;-15.75707245
040413;-72.52553558;-16.26159859
040414;-72.56681061;-15.61639404
040501;-71.55004883;-15.64008331
040502;-71.69589233;-15.82217503
040503;-71.95941925;-15.67464256
040504;-71.24855804;-15.52115631
040505;-71.79666901;-15.15170383
040506;-71.6410141;-15.59127426
040507;-72.16048431;-15.79625416
040508;-71.82798004;-16.00643539
040509;-71.70528412;-15.58620262
040510;-71.76042175;-15.47991753
040511;-72.01842499;-15.96761703
040512;-71.79719543;-15.73127365
040513;-71.85748291;-15.54138756
040514;-71.0974884;-15.83092976
040515;-71.54598236;-15.36174011
040516;-71.93600464;-15.42682457
040517;-71.39229584;-15.2127018
040518;-71.5975647;-15.48307133
040519;-71.45531464;-15.79009533
040520;-72.29637909;-16.3527832
040601;-72.72087097;-16.04338646
040602;-72.84391785;-15.85252285
040603;-72.28907776;-15.01469898
040604;-72.94581604;-15.53451443
040605;-72.60066986;-15.91300297
040606;-73.1265564;-15.88088703
040607;-72.69742584;-15.40616417
040608;-73.02911377;-15.70196819
040701;-71.87877655;-16.85738373
040702;-71.59952545;-16.92887688
040703;-71.82963562;-17.09799385
040704;-72.10224152;-16.87633705
040705;-71.87828827;-17.03556252
040706;-71.55075836;-17.16003609
040801;-72.86147308;-15.2763319
040802;-72.7118454;-15.16748333
040803;-73.04885101;-15.2109108
040804;-72.76139069;-14.87494755
040805;-72.930336;-14.98956966
040806;-72.54724121;-14.93897152
040807;-73.07040405;-15.28979683
040808;-73.2453537;-15.32498741
040809;-73.17263794;-15.40421867
040810;-72.78513336;-15.21319866
040811;-73.01613617;-15.40476704
050101;-74.2522049;-13.13476849
050102;-74.0209198;-13.30430984
050103;-74.05574799;-13.12796688
050104;-74.23480225;-13.2046957
050105;-74.15856171;-13.37573242
050106;-73.90050507;-13.39262867
050107;-74.23188019;-13.05349445
050108;-74.13431549;-13.0613575
050109;-74.32608032;-13.12503052
050110;-74.21257019;-13.1954298
050111;-74.36413574;-13.07471466
050112;-74.28431702;-13.26146221
050113;-74.14225006;-13.19023037
050114;-74.45649719;-13.30629063
050115;-74.20860291;-13.12194538
050116;-74.20050812;-13.15463734
050201;-74.10988617;-13.59973145
050202;-74.43630219;-13.49313354
050203;-74.22543335;-13.49417973
050204;-74.27594757;-13.56814289
050205;-74.71964264;-13.46077728
050206;-74.50110626;-13.55614376
050301;-74.55976105;-14.00102043
050302;-74.30358124;-13.81206322
050303;-74.22248077;-13.98393726
050304;-74.53295135;-13.82627583
050401;-74.2113266;-12.91202068
050402;-74.30535889;-12.53151894
050403;-74.15916443;-12.99263763
050404;-74.2177887;-12.9830637
050405;-74.27440643;-12.86081791
050406;-74.24190521;-12.67119122
050407;-73.99654388;-12.60382843
050408;-74.08250427;-12.4444313
050409;-74.10205078;-12.34058666
050410;-74.09313965;-12.7845459
050411;-74.38302612;-12.33950329
050412;-74.19171906;-12.78359699
050501;-73.94261169;-13.03605747
050502;-73.64341736;-13.06472492
050503;-73.89071655;-12.7284565
050504;-73.8659668;-13.16858387
050505;-73.57053375;-13.23001671
050506;-73.89096069;-13.23936081
050507;-73.78936005;-12.76459789
050508;-74.02307129;-12.91230583
050509;-73.7206955;-12.8602457
050510;-73.71289825;-12.95652485
050511;-73.39255524;-13.34633064
050601;-74.01631165;-14.67630577
050602;-74.15384674;-14.1944809
050603;-74.07756805;-14.36213589
050604;-73.98182678;-14.4658289
050605;-73.88371277;-14.9827404
050606;-73.75734711;-14.47715473
050607;-74.99372101;-14.1664114
050608;-74.76618958;-14.2499752
050609;-74.6156311;-14.67146587
050610;-74.94054413;-14.24979973
050611;-74.30445099;-14.48745823
050612;-74.84712219;-14.42746067
050613;-74.66027832;-14.49215221
050614;-74.3745575;-14.9559021
050615;-74.25441742;-14.7917738
050616;-74.18648529;-14.6539917
050617;-74.20788574;-14.97110939
050618;-74.49427032;-14.29130173
050619;-74.15843964;-15.14709377
050620;-73.92557526;-14.22089386
050621;-74.54581451;-14.93279171
050701;-73.6993103;-14.81575489
050702;-73.70000458;-15.10584736
050703;-73.16404724;-14.77827454
050704;-73.36292267;-14.95200729
050705;-73.98448944;-15.33317566
050706;-73.59763336;-15.28206348
050707;-73.3631134;-15.00580311
050708;-73.52950287;-14.88348579
050801;-73.35793304;-15.32072735
050802;-73.25067902;-15.12775135
050803;-73.21854401;-15.26181793
050804;-73.44958496;-15.14846897
050805;-73.37927246;-15.0917244
050806;-73.11849976;-15.02303791
050807;-73.45253754;-15.2057457
050808;-73.29454803;-15.04819775
050809;-73.19579315;-15.22345066
050810;-73.45940399;-15.26000786
050901;-73.80484772;-13.99480438
050902;-73.7673111;-13.80436897
050903;-73.75261688;-13.85093117
050904;-73.72247314;-13.89135838
050905;-73.86490631;-14.21410656
050906;-73.8343811;-14.15475464
050907;-73.66700745;-14.0126524
050908;-73.58983612;-14.283535
050909;-73.71746063;-13.98323822
050910;-73.65374756;-14.08751106
050911;-73.69087219;-14.20955181
051001;-74.08996582;-13.80465603
051002;-74.21039581;-13.66553116
051003;-74.0070343;-14.06495762
051004;-73.93805695;-14.07587814
051005;-73.99480438;-13.96156788
051006;-73.98844147;-13.79284859
051007;-74.03791046;-13.71485519
051008;-74.27560425;-13.71605682
051009;-74.16976929;-13.74907017
051010;-73.97904205;-13.87801266
051011;-74.40976715;-13.69028187
051012;-74.64322662;-13.65238571
051101;-73.89619446;-13.65568447
051102;-73.86729431;-13.8061924
051103;-73.7818985;-13.73940086
051104;-73.88054657;-13.54212284
051105;-73.88787842;-13.74431038
051106;-73.85836029;-13.87562084
051107;-73.75069427;-13.70107174
051108;-74.01373291;-13.553689
060101;-78.56139374;-7.077517033
060102;-78.52716064;-7.338228226
060103;-78.65424347;-7.142520428
060104;-78.51685333;-7.453032017
060105;-78.40307617;-6.985220432
060106;-78.36673737;-7.298308372
060107;-78.41117096;-7.189575672
060108;-78.45597839;-7.090126038
060109;-78.62231445;-7.224728584
060110;-78.25868988;-7.271945477
060111;-78.28383636;-7.184350014
060112;-78.48165131;-7.273895264
060201;-78.0321579;-7.631467342
060202;-78.25332642;-7.567695618
060203;-78.09111023;-7.53012085
060204;-77.90634155;-7.474380016
060301;-78.11760712;-6.775197029
060302;-78.18709564;-6.570539951
060303;-78.2855835;-6.48768568
060304;-78.3256073;-6.828293324
060305;-78.06924438;-6.93949461
060306;-78.15831757;-6.919858456
060307;-78.26538086;-6.65100956
060308;-78.06142426;-7.059361458
060309;-78.29709625;-6.934191227
060310;-78.17131805;-7.018737793
060311;-78.05796814;-6.881409168
060312;-78.28604126;-6.708791733
060401;-78.64258575;-6.560018063
060402;-78.57524872;-6.33809042
060403;-78.41325378;-6.439897537
060404;-78.7069931;-6.425045013
060405;-78.44852448;-6.284566879
060406;-78.36897278;-6.370058537
060407;-78.85206604;-6.483161449
060408;-78.60241699;-6.470609665
060409;-78.97033691;-6.443752766
060410;-78.72754669;-6.574306488
060411;-79.17295074;-6.539028168
060412;-79.30283356;-6.357775211
060413;-78.39807892;-6.533931732
060414;-78.47841644;-6.183463097
060415;-79.09269714;-6.352152348
060416;-79.24543762;-6.484318256
060417;-78.5562439;-6.39870882
060418;-79.37598419;-6.456839085
060419;-78.4952774;-6.517643452
060501;-78.73680115;-7.334731102
060502;-78.8217392;-7.256371021
060503;-79.0666275;-7.373456478
060504;-78.91782379;-7.364329815
060505;-78.96229553;-7.502797604
060506;-78.86319733;-7.327651501
060507;-78.95010376;-7.275330067
060508;-79.16913605;-7.277616978
060601;-78.83287811;-6.380030632
060602;-78.93093872;-6.127367496
060603;-78.77338409;-5.924723625
060604;-78.55944061;-6.116553307
060605;-78.55437469;-6.216616154
060606;-78.76795959;-6.070892334
060607;-79.09160614;-6.196817398
060608;-78.74227142;-6.224058628
060609;-78.60100555;-6.172169685
060610;-78.58222961;-6.268668652
060611;-78.84141541;-6.106365204
060612;-78.84321594;-6.257993698
060613;-78.67776489;-6.118596077
060614;-78.69659424;-6.287461281
060615;-78.69226837;-5.987938404
060701;-78.47946167;-6.693090439
060702;-78.70823669;-6.685545921
060703;-78.60028839;-6.752677917
060801;-78.85261536;-5.770212173
060802;-78.74258423;-5.564584732
060803;-79.13317871;-5.633826256
060804;-78.97943878;-5.90094471
060805;-78.9056015;-5.604915142
060806;-78.84957886;-5.63638401
060807;-79.19522095;-5.875398636
060808;-79.12371826;-6.040022373
060809;-79.31217957;-5.625578403
060810;-79.3097229;-5.786242485
060811;-79.05497742;-5.517321587
060812;-78.60089111;-5.427716255
060901;-79.00775909;-5.140417099
060902;-78.8828125;-5.307579994
060903;-78.71522522;-5.09644556
060904;-78.97337341;-5.389841557
060905;-79.18106079;-5.107277393
060906;-78.83185577;-4.916018963
060907;-79.21540833;-5.324379921
061001;-78.17134857;-7.329172134
061002;-78.11830139;-7.409485817
061003;-78.14255524;-7.441226006
061004;-78.16139984;-7.222082615
061005;-78.05943298;-7.406054497
061006;-78.0210495;-7.356011868
061007;-77.96812439;-7.226784706
061101;-78.92247009;-7.077506065
061102;-79.16236115;-6.975883961
061103;-78.95305634;-6.913756847
061104;-78.73376465;-6.804270744
061105;-79.00186157;-7.038007736
061106;-79.14903259;-6.868826866
061107;-78.74925995;-6.891409874
061108;-79.24772644;-7.008507729
061109;-79.13150787;-6.926738739
061110;-79.16073608;-7.117966652
061111;-78.72502899;-6.931434631
061112;-78.83338928;-6.788124561
061113;-79.05453491;-7.118936062
061201;-78.78552246;-7.085998535
061202;-78.78568268;-7.17497921
061203;-78.87328339;-7.159076214
061204;-78.67606354;-6.98749733
061301;-78.94158936;-6.627337456
061302;-78.80908966;-6.663858891
061303;-79.07687378;-6.749344349
061304;-78.87747955;-6.555999756
061305;-78.85861206;-6.620732307
061306;-78.76780701;-6.695779324
061307;-78.92140961;-6.746288776
061308;-78.90760803;-6.682578087
061309;-79.03614044;-6.585466385
061310;-78.791008;-6.61489439
061311;-78.84977722;-6.682970524
070101;-77.12136078;-12.0167923
070102;-77.10578918;-12.05961895
070103;-77.09642029;-12.04255962
070104;-77.11758423;-12.07052612
070105;-77.16049957;-12.07184219
070106;-77.13079834;-11.87909412
070107;-77.12280273;-11.85501766
080101;-71.98812866;-13.49261665
080102;-72.08704376;-13.58955288
080103;-72.04237366;-13.50192261
080104;-71.86748505;-13.55743027
080105;-71.92601776;-13.53326988
080106;-71.97800446;-13.57300949
080107;-71.83110046;-13.55297852
080108;-71.94790649;-13.53094769
080201;-71.67276764;-13.89315891
080202;-71.50669098;-14.04708004
080203;-71.73054504;-13.93934536
080204;-71.4790802;-14.10064125
080205;-71.62372589;-14.05361176
080206;-71.765625;-13.78765774
080207;-71.57077789;-13.9539566
080301;-72.15997314;-13.48792171
080302;-72.32266235;-13.46172619
080303;-72.05547333;-13.46348286
080304;-72.27170563;-13.61295509
080305;-72.27643585;-13.36960411
080306;-72.44548035;-13.47509861
080307;-72.62324524;-13.46359062
080308;-72.09317017;-13.48459244
080309;-72.24638367;-13.46563721
080401;-71.95774841;-13.26870918
080402;-71.91570282;-13.40245342
080403;-71.88083649;-13.3220377
080404;-72.02607727;-13.08600712
080405;-71.80841064;-13.38913155
080406;-71.77444458;-13.48824883
080407;-71.88333893;-13.46016502
080408;-72.10504913;-12.79569244
080501;-71.44189453;-14.27377796
080502;-71.47776794;-14.4916048
080503;-71.29116058;-14.55234241
080504;-71.2973938;-14.38535023
080505;-71.09190369;-14.52877426
080506;-71.44566345;-14.14153576
080507;-71.48963165;-14.36571503
080508;-71.52703857;-14.15105438
080601;-71.10354614;-14.25100994
080602;-71.06686401;-14.00595665
080603;-71.33399963;-14.08811665
080604;-71.09567261;-14.37363911
080605;-71.15814209;-13.8887825
080606;-71.08758545;-14.1517458
080607;-71.33300018;-14.1660862
080608;-71.39264679;-14.15879154
080701;-72.20871735;-14.65079784
080702;-71.99354553;-14.04385281
080703;-71.87693024;-14.33440876
080704;-72.01468658;-14.23772621
080705;-71.64633942;-14.33387947
080706;-72.23633575;-14.46232414
080707;-72.20521545;-14.37721825
080708;-71.84914398;-14.54899788
080801;-71.35281372;-14.92538834
080802;-71.07402802;-15.30077744
080803;-71.63534546;-14.75720215
080804;-71.13887787;-15.08787632
080805;-71.09123993;-14.90737438
080806;-71.34378815;-14.67932796
080807;-71.65825653;-15.00115681
080808;-71.22261047;-14.7379446
080901;-72.74336243;-12.87680626
080902;-72.98313141;-12.41825294
080903;-72.47324371;-13.05095387
080904;-72.64376831;-12.93753338
080905;-72.36209106;-12.91632843
080906;-72.44508362;-12.50712395
080907;-73.63826752;-12.61488914
080908;-72.73295593;-13.24437714
080909;-73.05119324;-13.05337811
080910;-73.81028748;-12.36812878
080911;-73.20874786;-13.30201912
080912;-73.33963013;-13.05443764
080913;-73.47757721;-12.90932655
080914;-72.85890961;-11.75113106
081001;-71.85552216;-13.72663689
081002;-71.86247253;-13.98849773
081003;-72.01935577;-13.86067104
081004;-71.86683655;-13.87094021
081005;-72.07914734;-13.69881248
081006;-71.7862854;-14.13972569
081007;-71.93743134;-13.76870632
081008;-71.76921844;-13.97482395
081009;-71.91247559;-13.65090942
081101;-71.46408844;-13.30138302
081102;-71.6764679;-13.56426334
081103;-71.76932526;-13.13928604
081104;-71.65412903;-13.40301895
081105;-71.63104248;-13.51101017
081106;-71.46348572;-13.04505062
081201;-71.59921265;-13.68787479
081202;-71.70030975;-13.66578674
081203;-70.74891663;-13.34231472
081204;-71.34390259;-13.53697014
081205;-71.50582123;-13.60041142
081206;-71.43795013;-13.88597298
081207;-71.67243195;-13.7553072
081208;-71.76778412;-13.64500523
081209;-70.91271973;-13.63980198
081210;-71.26898956;-13.68767643
081211;-71.78855133;-13.57405472
081212;-71.53304291;-13.80559826
081301;-72.13117218;-13.24491787
081302;-72.0388031;-13.40937996
081303;-72.04940033;-13.34183788
081304;-72.50012207;-13.2014761
081305;-72.16246796;-13.33705616
081306;-72.31638336;-13.23646259
081307;-72.07420349;-13.29437923
090101;-75.00868225;-12.86285114
090102;-75.37129211;-12.70409489
090103;-74.82355499;-12.599576
090104;-75.039711;-12.51802444
090105;-75.05565643;-12.45990658
090106;-74.95707703;-13.04591656
090107;-75.18222809;-12.40142059
090108;-75.01464081;-12.49640369
090109;-75.08003235;-12.55320263
090110;-75.16046906;-12.6087656
090111;-74.93672943;-12.54830551
090112;-75.13156891;-12.46373844
090113;-75.13937378;-12.70773602
090114;-74.97902679;-12.66958809
090115;-75.0885849;-12.4136076
090116;-75.26878357;-12.53298759
090117;-74.82904816;-12.81717873
090118;-75.18651581;-12.82843876
090119;-75.01372528;-12.62728786
090201;-74.56639099;-12.82328033
090202;-74.65505219;-12.66123867
090203;-74.6636734;-12.817276
090204;-74.47358704;-12.87286091
090205;-74.3976593;-12.87442112
090206;-74.72727966;-12.72307205
090207;-74.51974487;-12.86155224
090208;-74.60016632;-12.74233818
090301;-74.73751831;-13.10371017
090302;-74.70603943;-12.88736248
090303;-74.62417603;-12.87860775
090304;-74.80506134;-12.93502045
090305;-74.3430481;-12.98506451
090306;-74.54045105;-12.98181057
090307;-74.62680054;-12.96485615
090308;-74.67121124;-12.92350483
090309;-74.43120575;-13.01255608
090310;-74.4307251;-13.06554985
090311;-74.47093964;-13.14352417
090312;-74.54162598;-13.08085251
090401;-75.29140472;-13.15368462
090402;-75.51121521;-13.1104908
090403;-75.44258118;-12.95662689
090404;-75.6109314;-13.34242153
090405;-75.52985382;-12.89406109
090406;-75.36302185;-13.2741766
090407;-75.48347473;-13.21472263
090408;-75.68224335;-13.10884094
090409;-75.43209076;-13.29191017
090410;-75.68843842;-13.27198029
090411;-75.13116455;-13.08814526
090412;-75.62124634;-13.12656879
090413;-75.4095459;-13.41801834
090501;-74.38496399;-12.71049595
090502;-74.56295013;-12.6435194
090503;-74.56982422;-12.45223904
090504;-74.49731445;-12.71142673
090505;-74.3301239;-12.79491997
090506;-74.45448303;-12.71735954
090507;-74.52600098;-12.56913567
090508;-74.40964508;-12.78792
090509;-74.400383;-12.60740662
090510;-74.46060944;-12.50535393
090511;-74.64539337;-12.57053852
090601;-75.39280701;-13.65356064
090602;-75.36824036;-13.71457005
090603;-75.15219116;-14.01161671
090604;-75.31188965;-13.55491447
090605;-75.05730438;-13.90599346
090606;-75.03465271;-14.02329826
090607;-74.94616699;-13.40954113
090608;-74.88272095;-13.88287449
090609;-75.40591431;-13.53859806
090610;-75.23761749;-13.46539402
090611;-75.28091431;-13.78197384
090612;-75.23455048;-13.97357655
090613;-75.21489716;-13.81338978
090614;-74.89204407;-14.05535221
090615;-75.18392181;-13.67123604
090616;-75.17623901;-13.58970642
090701;-74.85185242;-12.45141411
090702;-75.01204681;-12.41269684
090703;-74.93902588;-12.39634037
090704;-74.90601349;-12.44418049
090705;-74.70043182;-12.38509083
090706;-74.83386993;-12.34536552
090707;-74.54573822;-12.056674
090709;-74.90897369;-12.2620821
090710;-75.09101105;-12.32910633
090711;-75.02626038;-12.22166061
090713;-74.76680756;-12.24967766
090714;-74.78336334;-12.19492626
090715;-74.75145721;-12.10651112
090716;-74.94898224;-12.07925701
090717;-74.65246582;-12.15076828
090718;-74.50392914;-12.17715836
090719;-74.72756195;-12.46780777
090720;-74.63249207;-12.29851532
090721;-74.45787048;-12.23600578
090722;-74.93334961;-12.18142319
090723;-74.88715363;-12.31749058
100101;-76.29632568;-9.896572113
100102;-76.1882782;-9.950260162
100103;-76.11071014;-9.615385056
100104;-76.26574707;-9.68524456
100105;-76.53323364;-10.06322479
100106;-76.4209671;-9.869245529
100107;-76.330513;-9.996768951
100108;-76.42183685;-10.0785284
100109;-76.31272888;-9.793395042
100110;-76.43991089;-9.955789566
100111;-76.28113556;-10.04032898
100112;-76.51157379;-9.946088791
100113;-75.93834686;-9.707742691
100201;-76.14118958;-10.15012455
100202;-76.37055969;-10.21517944
100203;-76.46422577;-10.2443924
100204;-76.20948029;-10.04865646
100205;-76.26966858;-10.19534206
100206;-76.28707886;-10.33238888
100207;-76.12650299;-10.3289423
100208;-76.17910004;-10.06489372
100301;-76.79501343;-9.907917023
100307;-76.63228607;-9.648262978
100311;-76.42358398;-9.546931267
100313;-76.83066559;-9.691971779
100316;-76.68716431;-9.576053619
100317;-76.8438797;-9.810544968
100321;-76.80962372;-9.75050354
100322;-76.76725006;-9.793856621
100323;-76.73106384;-9.714635849
100401;-76.83911896;-8.958602905
100402;-77.1078949;-8.84744072
100403;-76.6264267;-9.097444534
100404;-77.0008316;-8.914384842
100501;-76.90330505;-9.613981247
100502;-76.73317719;-9.137456894
100503;-76.75463867;-9.437516212
100504;-76.66835022;-9.515202522
100505;-76.64414215;-9.216547966
100506;-76.87046814;-9.449648857
100507;-76.38791656;-9.331240654
100508;-76.83663177;-9.441497803
100509;-76.89719391;-9.503096581
100510;-76.83533478;-9.362611771
100511;-76.67005157;-9.375637054
100601;-76.10399628;-9.191182137
100602;-75.77518463;-9.360447884
100603;-75.87566376;-9.139509201
100604;-76.17779541;-8.932671547
100605;-75.95298004;-9.240136147
100606;-76.03055573;-9.394641876
100607;-76.06452179;-8.564804077
100608;-76.03800964;-9.208089828
100609;-76.0014267;-9.082199097
100610;-75.98301697;-8.984898567
100701;-77.17310333;-8.604824066
100702;-76.74094391;-8.65807724
100703;-77.14755249;-8.768698692
100704;-76.36314392;-8.880438805
100705;-76.508255;-8.789293289
100801;-75.89671326;-10.14836407
100802;-75.79755402;-9.736971855
100803;-76.05800629;-9.996391296
100804;-76.02775574;-9.868124962
100901;-74.96681213;-9.288928032
100902;-75.4665451;-9.634362221
100903;-74.69693756;-8.713877678
100904;-74.86643982;-9.001326561
100905;-74.99852753;-9.647357941
101001;-76.75566864;-10.21854687
101002;-76.78365326;-10.10734749
101003;-76.65644073;-10.03551006
101004;-76.86611938;-10.1875391
101005;-76.72039032;-9.968474388
101006;-76.62741089;-9.978390694
101007;-76.63757324;-10.29892826
101101;-76.55127716;-9.808076859
101102;-76.64876556;-9.864640236
101103;-76.63134003;-9.900478363
101104;-76.57691956;-9.716237068
101105;-76.5096817;-9.875185013
101106;-76.68117523;-9.826921463
101107;-76.70750427;-9.76588726
101108;-76.5717392;-9.911834717
110101;-75.90666962;-14.21383762
110102;-75.67354584;-14.01080227
110103;-75.6407547;-14.07412148
110104;-75.78074646;-14.4841156
110105;-75.65316772;-14.16066837
110106;-75.70027924;-14.05686092
110107;-75.67602539;-14.12434006
110108;-75.87574005;-13.92175865
110109;-75.61248779;-13.8820982
110110;-75.73384857;-13.97361374
110111;-75.51529694;-14.510746
110112;-75.89299774;-14.0481329
110113;-75.70323944;-14.1519413
110114;-75.43405151;-14.10065651
110201;-76.03458405;-13.32453442
110202;-75.93884277;-13.382164
110203;-75.94277191;-13.12028217
110204;-76.15075684;-13.49666023
110205;-75.9154129;-13.51220036
110206;-76.16737366;-13.31144714
110207;-76.08896637;-13.25845337
110208;-75.81419373;-13.22469616
110209;-75.72858429;-13.0786562
110210;-76.16242981;-13.4270649
110211;-76.18173981;-13.46141815
110301;-75.03684998;-14.85702038
110302;-75.33438873;-14.80167007
110303;-75.00714874;-14.67775631
110304;-75.06941986;-15.14244843
110305;-74.82798767;-14.92846394
110401;-75.13155365;-14.48972607
110402;-75.15874481;-14.59466648
110403;-75.14751434;-14.34571648
110404;-75.25769043;-14.47118473
110405;-75.16100311;-14.15037346
110501;-76.19020081;-13.70208836
110502;-75.61592102;-13.55519009
110503;-75.81800842;-13.74408531
110504;-76.01282501;-13.6468935
110505;-76.15776825;-14.04691887
110506;-76.10662842;-13.80423737
110507;-76.14344788;-13.64204502
110508;-76.11087799;-13.72594166
120101;-75.07116699;-11.99329472
120104;-75.20385742;-12.3554945
120105;-75.25697327;-12.41043949
120106;-75.29203796;-12.29056263
120107;-75.18327332;-12.07889366
120108;-75.43732452;-12.485672
120111;-75.24087524;-12.2097702
120112;-75.1910553;-12.31421566
120113;-75.15467834;-12.25178909
120114;-75.16104889;-11.97195435
120116;-75.21009827;-12.18682194
120117;-75.24513245;-11.96809959
120119;-75.20398712;-12.11097908
120120;-75.28642273;-12.37123585
120121;-75.22393799;-12.1345768
120122;-75.22222137;-11.85364628
120124;-74.8770752;-11.95219612
120125;-75.25312042;-12.04734707
120126;-75.10028076;-12.18017292
120127;-75.2490921;-11.84567261
120128;-75.16608429;-11.88225079
120129;-75.23477936;-11.98904705
120130;-75.2872467;-11.93748856
120132;-75.24559784;-11.95054436
120133;-75.13982391;-12.11385536
120134;-75.2879715;-12.01907063
120135;-74.69358826;-11.85476303
120136;-75.22394562;-12.15997696
120201;-75.31447601;-11.91276073
120202;-75.39683533;-11.95539856
120203;-74.85707092;-11.69634819
120204;-75.43649292;-12.00559044
120205;-75.14118958;-11.62001514
120206;-75.04911041;-11.66550541
120207;-75.28093719;-11.83866024
120208;-75.36495209;-12.00198269
120209;-75.1054306;-11.58909798
120210;-75.35768127;-11.88182545
120211;-75.35148621;-11.92878819
120212;-75.31123352;-11.88934612
120213;-75.32746124;-11.97515965
120214;-75.57276154;-12.07625008
120215;-75.30625153;-11.86994839
120301;-75.35652924;-11.03277493
120302;-75.07591248;-10.94019222
120303;-74.86881256;-11.0250349
120304;-75.27311707;-10.84329987
120305;-75.40496063;-11.15678215
120306;-75.23614502;-11.26502228
120401;-75.49263763;-11.77410698
120402;-75.56732178;-11.66263294
120403;-75.2726593;-11.68067074
120404;-75.44655609;-11.79546738
120405;-75.80000305;-11.91495991
120406;-75.66886139;-11.76838684
120407;-75.39298248;-11.81795597
120408;-75.40434265;-11.78968716
120409;-75.4822998;-11.82163239
120410;-75.46798706;-11.76453876
120411;-75.61829376;-11.76563549
120412;-75.4287796;-11.75412655
120413;-75.43170166;-11.86921597
120414;-75.62512207;-11.83483028
120415;-75.56846619;-11.76044655
120416;-75.42182922;-11.78083897
120417;-75.36479187;-11.77498817
120418;-75.33909607;-11.59421253
120419;-75.23124695;-11.40857029
120420;-75.43697357;-11.83833122
120421;-75.45860291;-11.83476734
120422;-75.52806091;-11.68315792
120423;-75.53292084;-11.8799963
120424;-75.49842072;-11.74749184
120425;-75.54110718;-11.82062721
120426;-75.68917847;-11.63290215
120427;-75.45748138;-11.56001949
120428;-75.37760925;-11.8385849
120429;-75.48959351;-11.71891022
120430;-75.48361206;-11.79276085
120431;-75.51320648;-11.94210529
120432;-75.59490204;-11.70693874
120433;-75.47143555;-11.67882538
120434;-75.51311493;-11.79578686
120501;-76.01186371;-11.18881798
120502;-76.02102661;-10.91394901
120503;-76.18198395;-11.09140873
120504;-75.68392944;-10.90445805
120601;-74.61188507;-11.17960739
120602;-74.6519165;-11.31749439
120603;-74.64899445;-11.46295452
120605;-74.84181213;-11.41375637
120607;-74.69089508;-11.10316372
120608;-73.81443787;-11.53100681
120609;-74.18651581;-12.20236206
120699;-74.31947327;-11.67974377
120701;-75.75881958;-11.45556259
120702;-75.65727234;-11.3491745
120703;-75.61698151;-11.52567101
120704;-75.62583923;-11.12763882
120705;-75.82259369;-11.36100483
120706;-75.50540924;-11.3171854
120707;-75.77761841;-11.270154
120708;-75.78588867;-11.12340069
120709;-75.5282135;-11.42954445
120801;-75.85675049;-11.60525513
120802;-75.82141876;-11.72466087
120803;-75.96512604;-11.71713829
120804;-76.25763702;-11.40487766
120805;-76.12333679;-11.54453278
120806;-75.99232483;-11.44013119
120807;-76.36488342;-11.19805527
120808;-75.98635101;-11.55760193
120809;-75.97822571;-11.83331394
120810;-76.09818268;-11.70962715
120901;-75.28554535;-12.07075977
120902;-75.35191345;-12.08202839
120903;-75.28466797;-12.19487476
120904;-75.34290314;-12.03555393
120905;-75.2469101;-12.07950401
120906;-75.30201721;-12.1194849
120907;-75.4508667;-12.12346172
120908;-75.24525452;-12.11391449
120909;-75.47385406;-12.25369453
130101;-79.02415466;-8.112663269
130102;-78.99710846;-8.051663399
130103;-79.01782227;-8.082538605
130104;-79.05825043;-8.000968933
130105;-79.05562592;-8.063418388
130106;-78.85502625;-8.105260849
130107;-79.00053406;-8.159682274
130108;-78.75393677;-8.035256386
130109;-78.89904022;-8.253938675
130110;-78.82719421;-7.918374062
130111;-79.0459137;-8.139487267
130201;-79.0821991;-7.660906315
130202;-79.00817108;-7.804973125
130203;-79.2265625;-7.790494442
130204;-79.30007935;-7.85517931
130205;-79.30177307;-7.728703976
130206;-79.37161255;-7.686893463
130207;-79.21815491;-7.924754143
130208;-79.19490814;-7.576701164
130301;-77.73401642;-7.264603138
130302;-77.6880722;-7.464625835
130303;-77.59758759;-7.561565876
130304;-77.91015625;-7.056480885
130305;-77.80582428;-7.026101589
130306;-77.85046387;-7.153243542
130401;-79.35375214;-7.228526592
130402;-79.44767761;-7.079702377
130403;-79.5865097;-7.192243099
130501;-78.4621048;-8.074774742
130502;-78.38054657;-8.120311737
130503;-78.58216095;-8.146602631
130504;-78.44056702;-8.261594772
130601;-78.5821228;-7.848764896
130602;-78.4641037;-7.945538521
130604;-78.47356415;-7.808620453
130605;-78.45175171;-7.690504551
130606;-78.68531036;-7.908556938
130608;-78.53397369;-8.03424263
130610;-78.69682312;-7.888257027
130611;-78.63618469;-8.032895088
130613;-78.77925873;-7.754506588
130614;-78.36161041;-7.800642967
130701;-79.4048996;-7.483565331
130702;-79.48786926;-7.288137913
130703;-79.54727173;-7.35014677
130704;-79.54787445;-7.399880886
130705;-79.38557434;-7.369821072
130801;-77.25624847;-8.314229012
130802;-77.38265228;-8.124426842
130803;-77.52088165;-8.160821915
130804;-77.26818848;-8.439137459
130805;-77.29386902;-8.190408707
130806;-77.59207916;-8.034936905
130807;-77.09250641;-8.205805779
130808;-77.5098877;-7.993241787
130809;-77.58958435;-7.732456684
130810;-77.48751831;-7.893681526
130811;-77.37174988;-8.427098274
130812;-77.43322754;-8.279486656
130813;-77.37549591;-8.328185081
130901;-78.04598236;-7.826726437
130902;-77.7980423;-7.822323799
130903;-77.69605255;-7.821595192
130904;-77.95324707;-7.84771204
130905;-77.94190216;-7.684930801
130906;-78.17567444;-7.792640686
130907;-77.88022614;-7.939851284
130908;-77.76608276;-7.612671852
131001;-78.24459076;-8.349143982
131002;-78.03334808;-8.147880554
131003;-78.06452179;-8.01730442
131004;-77.98096466;-8.12802887
131005;-77.94174957;-8.14256382
131006;-78.25112915;-8.014739037
131007;-78.09674072;-8.187379837
131008;-77.80039978;-8.026268959
131101;-78.76397705;-7.501516342
131102;-78.57652283;-7.629979134
131103;-78.70140839;-7.662521839
131104;-78.43177032;-7.567908287
131201;-78.73527527;-8.353302002
131202;-78.50636292;-8.559891701
131203;-78.6499176;-8.801733971
140101;-79.82649231;-6.782979965
140102;-79.46460724;-6.626860619
140103;-79.8159256;-6.930448055
140104;-79.84629822;-6.950218201
140105;-79.84346008;-6.739923477
140106;-79.86203003;-6.823938847
140107;-79.6714859;-7.014434814
140108;-79.85696411;-6.865713596
140109;-79.37078094;-6.931288719
140110;-79.27671814;-6.779635906
140111;-79.77233887;-6.716421604
140112;-79.90322876;-6.799266338
140113;-79.79438019;-6.863646984
140114;-79.90365601;-6.880731106
140115;-79.6379776;-6.887135983
140116;-79.50679779;-6.888717651
140117;-79.5858078;-6.708934307
140118;-79.75837708;-6.781766415
140119;-79.51368713;-6.794629574
140120;-79.69451904;-6.773707867
140201;-79.79030609;-6.620463848
140202;-79.30488586;-6.06022644
140203;-79.38706207;-6.231238842
140204;-79.68289948;-6.635340691
140205;-79.63476563;-6.486241817
140206;-79.82479095;-6.629854679
140301;-79.9329071;-6.673870564
140302;-79.61373138;-6.15524435
140303;-79.8531723;-6.469589233
140304;-79.80831909;-6.334187508
140305;-79.88780975;-6.562806606
140306;-80.1789856;-6.506154537
140307;-79.70788574;-6.169044971
140308;-80.0715332;-6.047594547
140309;-79.88005066;-6.43408823
140310;-79.53787994;-6.150882721
140311;-79.93565369;-6.766091824
140312;-79.87600708;-6.503288269
150101;-77.05112457;-12.05117321
150102;-77.09587097;-11.70253468
150103;-76.87696838;-12.03252506
150104;-77.01902771;-12.14400291
150105;-77.0484848;-12.05896282
150106;-76.9728775;-11.80737209
150107;-76.76751709;-11.99174976
150108;-77.00588226;-12.19265366
150109;-76.77737427;-12.076478
150110;-77.03900909;-11.92915916
150111;-76.98827362;-12.04012012
150112;-77.04475403;-11.98744202
150113;-77.04364014;-12.07769203
150114;-76.92552948;-12.08801937
150115;-77.01307678;-12.07225513
150116;-77.04183197;-12.08641911
150117;-77.07648468;-11.97249508
150118;-76.8013382;-11.95845985
150119;-76.8013382;-12.23429108
150120;-77.06454468;-12.09327888
150121;-77.06569672;-12.07544518
150122;-77.03025818;-12.12094116
150123;-76.80969238;-12.15997696
150124;-76.77642059;-12.46601772
150125;-77.08681488;-11.87214184
150126;-76.74381256;-12.26926517
150127;-76.70909119;-12.30358887
150128;-77.03446198;-12.02366829
150129;-76.72397614;-12.36937046
150130;-76.99354553;-12.09768677
150131;-77.03907013;-12.09903526
150132;-76.97122192;-11.94592953
150133;-76.96646881;-12.15781975
150134;-76.99827576;-12.0737114
150135;-77.08681488;-11.99266815
150136;-77.09074402;-12.07655048
150137;-76.96304321;-12.04306412
150138;-76.76293182;-12.40812111
150139;-77.16239929;-11.80492306
150140;-76.98477173;-12.12704182
150141;-77.00578308;-12.11251354
150142;-76.94507599;-12.21919346
150143;-76.91902924;-12.17041397
150201;-77.6824646;-10.71492863
150202;-77.74200439;-10.48645306
150203;-77.68589783;-10.62334538
150204;-77.56285095;-10.80967331
150205;-77.7253952;-10.78538513
150301;-76.94381714;-10.45513725
150302;-77.02363586;-10.36450195
150303;-76.99188232;-10.62164688
150304;-77.10899353;-10.52168941
150305;-77.22100067;-10.61236858
150401;-76.58233643;-11.47529221
150402;-76.67501068;-11.64069939
150403;-76.84382629;-11.55036068
150404;-76.50236511;-11.40133572
150405;-76.61170197;-11.55566406
150406;-76.66299438;-11.44051075
150407;-76.84305573;-11.67102432
150501;-76.25737762;-13.1719799
150502;-76.5112381;-12.79672813
150503;-76.45462036;-12.48706627
150504;-76.46492004;-12.96607494
150505;-76.63005066;-12.42982197
150506;-76.40671539;-12.65870667
150507;-76.36856842;-13.03295231
150508;-76.11737061;-13.0193224
150509;-76.60158539;-12.65350437
150510;-76.25860596;-12.96047783
150511;-76.07053375;-12.8979063
150512;-76.34529877;-12.86956787
150513;-76.67269135;-12.61295986
150514;-76.42386627;-13.05204487
150515;-76.64656067;-12.55004311
150516;-76.01435089;-12.82991505
150601;-77.17114258;-11.38709736
150602;-76.59509277;-11.27748489
150603;-76.76128387;-11.34647751
150604;-77.04988098;-11.51766872
150605;-77.29169464;-11.50100327
150606;-76.96095276;-11.18728256
150607;-76.86372375;-11.24729443
150608;-76.66480255;-11.12714195
150609;-76.76760101;-11.29300976
150610;-76.56542969;-11.14700794
150611;-76.85558319;-11.39441204
150612;-76.77292633;-11.14887714
150701;-76.37929535;-11.81613541
150702;-76.5891571;-12.06155396
150703;-76.57555389;-11.8137207
150704;-76.38300323;-11.63965893
150705;-76.24371338;-11.66447735
150706;-76.45646667;-12.156497
150707;-76.59561157;-11.69689655
150708;-76.44361877;-11.56114674
150709;-76.27256012;-12.06948471
150710;-76.39161682;-12.09326935
150711;-76.37615967;-12.15929127
150712;-76.53212738;-11.58520985
150713;-76.36541748;-12.26164818
150714;-76.62299347;-11.93770599
150715;-76.45797729;-11.98805141
150716;-76.77370453;-11.81666946
150717;-76.50095367;-11.91401577
150718;-76.33297729;-11.96448708
150719;-76.46930695;-11.7189827
150720;-76.15700531;-11.99291039
150721;-76.11872101;-12.10893917
150722;-76.21902466;-11.81978893
150723;-76.53069305;-11.84063244
150724;-76.55488586;-11.7650423
150725;-76.19657898;-12.08666134
150726;-76.26283264;-12.21909332
150727;-76.56113434;-11.92592907
150728;-76.64841461;-11.85821915
150729;-76.19960022;-12.03190804
150730;-76.52870941;-11.97810268
150731;-76.53619385;-12.26131916
150732;-76.44548035;-11.87717056
150801;-77.49275208;-11.27164936
150802;-77.26751709;-10.78228569
150803;-77.61980438;-11.08838367
150804;-76.8554306;-10.92169666
150805;-77.61071014;-11.09308052
150806;-77.44515228;-11.00357056
150807;-76.91842651;-11.05081177
150808;-76.97189331;-10.96586227
150809;-76.67111206;-10.96273136
150810;-77.47330475;-11.11616993
150811;-77.23379517;-11.14586163
150812;-77.60393524;-10.95016098
150901;-76.75759888;-10.66938305
150902;-76.92777252;-10.77766609
150903;-76.98651886;-10.75633717
150904;-77.12801361;-10.8835659
150905;-77.04659271;-10.85717392
150906;-76.79749298;-10.83787823
151001;-75.95511627;-12.47258186
151002;-75.7039032;-12.28880024
151003;-76.03822327;-12.6400528
151004;-76.04238129;-12.36548615
151005;-75.82571411;-13.0090971
151006;-75.74794769;-12.76622009
151007;-75.88192749;-12.35589504
151008;-75.88174438;-12.74271774
151009;-75.92393494;-12.92237854
151010;-76.19572449;-12.28591824
151011;-75.84603119;-12.58428764
151012;-75.6727829;-12.76650429
151013;-76.19041443;-12.35421753
151014;-75.83465576;-12.09047699
151015;-75.82218933;-12.94163895
151016;-75.70406342;-12.51305962
151017;-76.07894897;-12.27473545
151018;-75.67620087;-12.38449097
151019;-75.63071442;-12.81094837
151020;-75.69822693;-12.96113014
151021;-75.88941193;-12.23467159
151022;-76.25068665;-12.47629642
151023;-75.92279816;-12.66652298
151024;-76.09173584;-12.31155586
151025;-76.28430939;-12.35064983
151026;-76.10572815;-12.24591732
151027;-76.18624878;-12.49304295
151028;-75.99141693;-12.13203335
151029;-76.1815033;-12.68317795
151030;-75.70670319;-12.1639185
151031;-75.73622131;-12.69032192
151032;-75.77032471;-12.88751602
151033;-75.85778809;-12.16949272
160101;-73.43361664;-3.782341719
160102;-74.28552246;-3.361639261
160103;-73.11485291;-4.279124737
160104;-72.8562851;-3.829157829
160105;-72.52893829;-3.568226099
160106;-73.75213623;-2.993718624
160107;-74.40713501;-2.0991292
160108;-73.4544754;-3.53867507
160110;-74.89270782;-1.389147282
160112;-73.21202087;-3.811572313
160113;-73.66588593;-4.14906311
160201;-76.16162872;-5.845881939
160202;-76.58667755;-5.737709999
160205;-76.20497131;-5.296859264
160206;-75.97605896;-4.62833643
160210;-75.74900055;-5.658277988
160211;-75.82208252;-5.987717152
160301;-74.11424255;-4.442720413
160302;-74.86354065;-5.038944244
160303;-75.26483917;-2.943730116
160304;-75.83686066;-3.196323156
160305;-75.48466492;-4.274922371
160401;-70.83620453;-3.677499533
160402;-71.96468353;-3.432711601
160403;-72.03311157;-4.477463722
160404;-71.33895874;-3.866757154
160501;-73.88230896;-5.328239441
160502;-74.18941498;-6.818335056
160503;-74.1268158;-5.366358757
160504;-74.45406342;-6.201377392
160505;-74.72949982;-6.385334969
160506;-74.88647461;-5.644757748
160507;-73.40509033;-4.797942162
160508;-73.75070953;-6.327023983
160509;-73.99359894;-5.992039204
160510;-73.69844055;-4.996175289
160511;-73.34444427;-5.751712799
160601;-75.34938049;-7.781124592
160602;-75.29986572;-7.040893078
160603;-74.91439056;-7.879412174
160604;-75.76970673;-7.302602768
160605;-75.18587494;-6.390594959
160606;-75.09439087;-6.931937218
160701;-77.11078644;-5.021114826
160702;-76.85574341;-5.240097523
160703;-77.51849365;-4.727597237
160704;-77.37349701;-3.679123878
160705;-76.63782501;-4.276611328
160706;-76.67236328;-3.274404049
160801;-72.78390503;-2.468771458
160802;-73.86569977;-1.558413386
160803;-74.73132324;-0.655651569
160804;-71.013237;-2.804330826
170101;-70.28459167;-12.04857922
170102;-69.93881989;-12.97673512
170103;-69.53929901;-12.00368786
170104;-69.92337036;-12.51333523
170201;-71.51836395;-12.36200619
170202;-71.63467407;-11.8504076
170203;-70.67537689;-12.62954235
170204;-70.65207672;-13.00315189
170301;-70.64992523;-10.96519852
170302;-69.67935944;-11.43511677
170303;-69.53190613;-11.67962456
180101;-71.06121826;-17.22922325
180102;-70.37142181;-16.72843361
180103;-70.66738129;-16.76866531
180104;-70.85276031;-17.15670395
180105;-70.64459991;-16.66339493
180106;-70.73834229;-16.99812126
180201;-70.96292877;-16.64664459
180202;-70.57131195;-16.45703697
180203;-71.04595947;-16.57577515
180204;-70.49467468;-16.1882267
180205;-71.29398346;-16.82603073
180206;-70.62742615;-16.30361366
180207;-70.83660889;-16.52868652
180208;-71.15740204;-16.62831116
180209;-70.87984467;-16.704216
180210;-70.80517578;-16.21753693
180211;-70.65981293;-16.22754669
180301;-71.21713257;-17.71417618
180302;-71.14154053;-17.58305931
180303;-71.35939789;-17.43945313
190101;-76.2457962;-10.70102882
190102;-75.7855072;-10.57425785
190103;-76.15406799;-10.45175743
190104;-76.42553711;-10.95198441
190105;-76.06025696;-10.79203224
190106;-76.25145721;-10.42217064
190107;-75.77335358;-10.75889301
190108;-76.22802734;-10.55265236
190109;-76.41676331;-10.72652245
190110;-76.03377533;-10.55365467
190111;-76.24811554;-10.76048851
190112;-76.23304749;-10.86395359
190113;-76.194664;-10.64346123
190201;-76.57247925;-10.56291199
190202;-76.39215851;-10.47953701
190203;-76.40335846;-10.48660946
190204;-76.41760254;-10.34087753
190205;-76.53598022;-10.41618156
190206;-76.32338715;-10.47884178
190207;-76.46807861;-10.41900635
190208;-76.44805908;-10.53576851
190301;-75.37073517;-10.65042496
190302;-75.50640869;-10.62332439
190303;-75.63860321;-10.39050674
190304;-75.27613068;-10.23436165
190305;-75.58624268;-10.13272858
190306;-74.63672638;-10.41402149
190307;-75.17593384;-10.63411617
190308;-74.78463745;-9.825832367
200101;-80.65839386;-5.082006931
200104;-80.51506042;-5.130960941
200105;-80.36519623;-5.470511436
200107;-80.58540344;-5.357552052
200108;-80.61114502;-5.441269875
200109;-80.76280975;-5.308988571
200110;-80.86785889;-5.332848072
200111;-80.22772217;-4.692108631
200114;-80.33099365;-4.919443607
200115;-80.6973877;-5.161428452
200201;-79.6076889;-4.682758331
200202;-79.97093964;-4.927217007
200203;-79.83117676;-4.531807899
200204;-79.85327911;-4.780015469
200205;-79.84612274;-4.637962818
200206;-79.64891052;-4.946469307
200207;-80.00492096;-4.637012005
200208;-79.98921204;-4.783620358
200209;-79.77696228;-4.57238245
200210;-80.06276703;-4.461367607
200301;-79.4974823;-5.196835995
200302;-79.6256485;-5.312062263
200303;-79.36720276;-5.022799015
200304;-79.56095123;-5.694729328
200305;-79.66507721;-5.172040939
200306;-79.60510254;-5.424597263
200307;-79.36249542;-5.403497696
200308;-79.45996094;-5.397882462
200401;-80.19444275;-5.121695995
200402;-79.92511749;-5.264490128
200403;-79.79239655;-5.066317558
200404;-80.08298492;-5.367711067
200405;-79.99825287;-5.15271616
200406;-79.82769775;-5.43705225
200407;-79.74142456;-5.295895576
200408;-79.87592316;-5.125798702
200409;-79.91046906;-5.053142071
200410;-79.76965332;-5.156511784
200501;-81.05524445;-5.167184353
200502;-81.00704193;-4.835531235
200503;-81.03038025;-4.899580002
200504;-81.07106018;-4.930624962
200505;-80.91318512;-5.065484047
200506;-80.96322632;-4.837515831
200507;-81.10718536;-4.838426113
200601;-80.54602814;-4.825506687
200602;-80.67197418;-4.890726089
200603;-80.88523865;-4.826725006
200604;-80.50274658;-4.419974804
200605;-80.78500366;-4.537054539
200606;-80.78851318;-5.048531055
200607;-80.60422516;-4.726092339
200608;-80.68306732;-4.838285923
200701;-81.04353333;-4.498847961
200702;-81.07997131;-4.291499138
200703;-81.10824585;-4.70385313
200704;-81.20272827;-4.402987003
200705;-81.06501007;-4.194818974
200706;-81.0072937;-4.14825964
200801;-80.66051483;-5.919471264
200802;-80.74419403;-5.426646709
200803;-80.70243073;-5.457741737
200804;-80.64058685;-5.535172939
200805;-80.87477875;-5.43864727
200806;-80.77384186;-5.482076168
210101;-70.06373596;-15.90500736
210102;-69.9084549;-16.287323
210103;-69.69933319;-15.70455742
210104;-70.1568222;-15.67838573
210105;-69.82463837;-15.64044476
210106;-69.8784256;-15.89096832
210107;-69.92339325;-15.5614748
210108;-69.99768066;-15.62161732
210109;-70.40884399;-15.88083172
210110;-70.06721497;-15.72629166
210111;-70.15846252;-16.23989487
210112;-69.86000824;-15.980896
210113;-70.30229187;-16.08027458
210114;-70.27129364;-15.92364025
210115;-70.26322174;-15.78024197
210201;-70.14923096;-14.88096237
210202;-70.17739868;-15.24063301
210203;-70.08465576;-15.09002113
210204;-70.3536377;-14.74080181
210205;-70.09453583;-15.30288982
210206;-69.9519043;-15.10627365
210207;-70.32246399;-15.0299263
210208;-69.98031616;-14.68576813
210209;-70.09217072;-14.41640949
210210;-70.01691437;-15.26987362
210211;-70.25672913;-14.52263641
210212;-70.1786499;-14.69115543
210213;-70.12623596;-15.0008297
210214;-70.25048065;-15.08344936
210215;-70.38388062;-14.9223814
210301;-70.47014618;-14.05617809
210302;-70.22680664;-14.17402744
210303;-70.24354553;-13.50108337
210304;-69.89752197;-13.64334393
210305;-70.70508575;-13.92362499
210306;-69.92884064;-14.33638287
210307;-70.11611938;-13.82964993
210308;-70.54128265;-13.74162102
210309;-70.39484406;-13.5240469
210310;-69.93831635;-14.14077187
210401;-69.50292969;-16.32872772
210402;-69.08023071;-16.62012291
210403;-69.39888;-16.60415459
210404;-69.24796295;-16.72162437
210405;-69.44760895;-16.93125534
210406;-69.28820801;-16.35665321
210407;-69.17789459;-16.4945488
210501;-69.67812347;-16.24020004
210502;-69.70199585;-17.10983086
210503;-69.50863647;-16.09590912
210504;-69.85521698;-16.83579636
210505;-69.63346863;-16.55264664
210601;-69.80905151;-15.18321419
210602;-69.39320374;-15.00817299
210603;-69.79970551;-15.01897144
210604;-69.64455414;-15.00084972
210605;-69.98959351;-15.44089985
210606;-69.48752594;-15.20951462
210607;-69.92765045;-15.30809879
210608;-69.60957336;-15.13802528
210701;-70.41092682;-15.35596466
210702;-70.39012909;-15.56937122
210703;-70.23654175;-15.3111105
210704;-70.29112244;-15.21831322
210705;-70.85009003;-15.18292046
210706;-70.609375;-15.29931831
210707;-70.70475006;-15.46752834
210708;-70.45043945;-15.07945728
210709;-70.7846756;-15.60144329
210710;-70.65023804;-15.17494678
210801;-70.60575867;-14.93154335
210802;-70.38412476;-14.35464382
210803;-70.89414978;-14.89005756
210804;-70.92697144;-14.98744488
210805;-70.93219757;-14.71142292
210806;-70.67061615;-14.35680103
210807;-70.48774719;-14.68628788
210808;-70.81202698;-14.57434368
210809;-70.74913788;-14.87862015
210901;-69.44743347;-15.35076714
210902;-69.41214752;-15.44932461
210903;-69.29563141;-15.27607346
210904;-69.3421402;-15.49164772
211001;-69.8344574;-14.70915604
211002;-69.50505829;-14.6924963
211003;-69.91413116;-15.0183115
211004;-69.63926697;-14.84696865
211005;-69.2401123;-14.5114584
211101;-70.2155304;-15.45988274
211102;-70.27988434;-15.64289474
211103;-70.62245178;-15.85337257
211104;-70.08798218;-15.55750179
211105;-70.12631226;-15.4061451
211201;-69.43693542;-14.29192924
211202;-69.5575943;-14.52381134
211203;-69.60746002;-13.77845097
211204;-69.63127136;-14.31010914
211205;-69.58509827;-14.06788445
211206;-69.35610199;-14.46726036
211207;-69.10054779;-14.19397068
211208;-69.12700653;-14.33113956
211209;-69.33441925;-14.03197289
211210;-69.14800262;-13.5486393
211301;-69.09010315;-16.2828083
211302;-68.87966156;-16.32554054
211303;-69.07292175;-16.37094307
211304;-69.18089294;-16.29310417
211305;-68.99690247;-16.23610687
211306;-68.97045135;-16.19740486
211307;-68.96590424;-16.22480774
220101;-77.17002869;-5.76828289
220102;-77.09547424;-6.014522076
220103;-77.09986115;-6.088881493
220104;-76.92157745;-6.173526764
220105;-77.0541687;-6.272744179
220106;-77.06682587;-5.963813305
220201;-76.60093689;-6.991031647
220202;-76.27409363;-7.822146416
220203;-76.34144592;-7.184170246
220204;-76.56860352;-7.294216633
220205;-76.58667755;-6.838890553
220206;-76.49489594;-7.026424408
220301;-76.7201767;-6.611612797
220302;-76.70583344;-6.724150658
220303;-76.83737183;-6.423284531
220304;-76.59909821;-6.7053895
220305;-76.6993103;-6.523784637
220401;-76.87374878;-6.88884449
220402;-76.96311188;-6.601861954
220403;-76.70586395;-6.991572857
220404;-76.8341217;-7.014118195
220405;-76.76261139;-7.089523792
220406;-76.65605164;-7.064109325
220501;-76.52605438;-6.398983002
220502;-76.77306366;-6.311316967
220503;-76.0486145;-6.306274414
220504;-76.33423615;-6.195319653
220505;-76.46843719;-6.615660667
220506;-76.71304321;-6.157797337
220507;-76.47316742;-6.443768024
220508;-76.53851318;-6.203734875
220509;-76.57781219;-6.408087254
220510;-76.65526581;-6.388651371
220511;-76.53072357;-6.550150394
220601;-76.76824188;-7.244842052
220602;-76.80914307;-7.652050018
220603;-77.32154846;-7.259270668
220604;-77.04331207;-6.969210625
220605;-76.63562775;-7.315176964
220701;-76.33149719;-6.964493275
220702;-76.39699554;-6.739715576
220703;-76.4220047;-6.920515537
220704;-76.26972961;-6.783504486
220705;-76.3631134;-6.840226173
220706;-76.42857361;-6.978449821
220707;-76.486763;-6.939425468
220708;-76.0945816;-7.051765919
220709;-76.21208191;-6.970339298
220710;-76.12828827;-6.817408085
220801;-77.21022034;-6.078722
220802;-77.43642426;-5.859181404
220803;-77.29738617;-6.046386242
220804;-77.37213135;-5.944360256
220805;-77.63413239;-5.748702049
220806;-77.17203522;-5.982818127
220807;-77.27452087;-5.85892725
220808;-77.16146088;-6.175288677
220809;-77.23336792;-5.93541193
220901;-76.370224;-6.494116783
220902;-76.26004791;-6.683609486
220903;-76.4379425;-6.46782589
220904;-75.98947144;-6.617958069
220905;-75.66684723;-6.433990955
220906;-75.86490631;-6.245001793
220907;-75.71363068;-6.638654709
220908;-76.35086823;-6.62127161
220909;-76.2719574;-6.477457047
220910;-76.41724396;-6.508079052
220911;-75.63803101;-6.242944241
220912;-76.38198853;-6.399323463
220913;-76.20476532;-6.702763081
220914;-76.21318817;-6.588421822
221001;-76.5461731;-8.277410507
221002;-76.21234894;-8.526457787
221003;-76.79898834;-8.015639305
221004;-76.87672424;-8.423260689
221005;-76.39776611;-8.3583498
230101;-70.16907501;-18.11301994
230102;-70.27874756;-17.83335876
230103;-70.14626312;-17.95422745
230104;-70.19032288;-17.85780716
230105;-70.4235611;-17.68115997
230106;-70.02365875;-17.78480148
230107;-69.7641449;-17.65696144
230108;-70.07398987;-18.00774002
230109;-70.66775513;-17.95699883
230110;-70.24063873;-18.10757828
230111;-70.43889618;-18.20038223
230201;-70.2478714;-17.04193115
230202;-70.34064484;-17.18775368
230203;-70.43265533;-17.16510963
230204;-70.33379364;-17.39410973
230205;-70.33010101;-17.30857468
230206;-70.25705719;-17.33286667
230301;-70.73309326;-17.60422134
230302;-70.57106781;-17.38377953
230303;-70.93295288;-17.80351257
230401;-69.75141144;-17.3770504
230402;-70.21455383;-17.49941254
230403;-70.02523804;-17.62372398
230404;-70.11366272;-17.61245537
230405;-70.15339661;-17.39458656
230406;-70.0466156;-17.2245388
230407;-69.95796204;-17.50187492
230408;-69.96359253;-17.3347435
240101;-80.41506958;-3.553622246
240102;-80.50310516;-3.599573851
240103;-80.56636047;-3.67174983
240104;-80.35642242;-3.851755142
240105;-80.51094055;-3.90593195
240106;-80.36256409;-3.658576012
240201;-80.70438385;-3.816448212
240202;-80.65930176;-4.033836365
240203;-80.89028168;-4.040937901
240301;-80.3012619;-3.46439743
240302;-80.24234772;-3.491492987
240303;-80.22837067;-3.767619133
240304;-80.2900238;-3.572107792
250101;-74.16017914;-7.965052128
250102;-74.84577942;-8.520606041
250103;-74.13719177;-9.442985535
250104;-73.68654633;-8.95591259
250105;-74.65643311;-8.248492241
250106;-75.01468658;-8.163111687
250107;-74.50892639;-8.538437843
250201;-73.43658447;-10.5861721
250202;-72.81384277;-11.08370399
250203;-73.82695007;-9.971437454
250204;-72.69856262;-9.82975769
250301;-75.62593842;-8.898609161
250302;-75.27994537;-8.950516701
250303;-75.29712677;-8.417384148
250304;-75.04904175;-8.641294479
250305;-75.04785919;-8.824920654
250401;-71.58232117;-10.37349701
